205998503,93,2,ELA Predictive,1,2011
206599797,78,2,ELA Predictive,1,2011
214951824,96,2,ELA Predictive,1,2011
206566291,84,2,ELA Predictive,1,2011
203283502,42,2,ELA Predictive,1,2011
207525593,87,2,ELA Predictive,1,2011
207907106,80,2,ELA Predictive,1,2011
204196521,51,2,ELA Predictive,1,2011
205902307,93,2,ELA Predictive,1,2011
207819848,67,2,ELA Predictive,1,2011
207390139,78,2,ELA Predictive,1,2011
221100092,76,2,ELA Predictive,1,2011
215251596,84,2,ELA Predictive,1,2011
205933732,76,2,ELA Predictive,1,2011
207647488,96,2,ELA Predictive,1,2011
205694086,89,2,ELA Predictive,1,2011
207205196,82,2,ELA Predictive,1,2011
207356320,89,2,ELA Predictive,1,2011
205907991,80,2,ELA Predictive,1,2011
209636786,67,2,ELA Predictive,1,2011
208495127,100,2,ELA Predictive,1,2011
232157230,,2,ELA Predictive,1,2011
205585672,47,2,ELA Predictive,1,2011
206079097,91,2,ELA Predictive,1,2011
205336977,53,2,ELA Predictive,1,2011
205902422,67,2,ELA Predictive,1,2011
205585680,82,2,ELA Predictive,1,2011
205566656,60,2,ELA Predictive,1,2011
206047185,84,2,ELA Predictive,1,2011
208542514,49,2,ELA Predictive,1,2011
205801160,67,2,ELA Predictive,1,2011
207757402,69,2,ELA Predictive,1,2011
207249673,80,2,ELA Predictive,1,2011
206451247,67,2,ELA Predictive,1,2011
208542688,91,2,ELA Predictive,1,2011
207176116,91,2,ELA Predictive,1,2011
205801202,78,2,ELA Predictive,1,2011
206007965,71,2,ELA Predictive,1,2011
214574535,87,2,ELA Predictive,1,2011
205254253,51,2,ELA Predictive,1,2011
205560873,80,2,ELA Predictive,1,2011
205585706,67,2,ELA Predictive,1,2011
205933237,82,2,ELA Predictive,1,2011
207027483,93,2,ELA Predictive,1,2011
208119750,56,2,ELA Predictive,1,2011
208270918,47,2,ELA Predictive,1,2011
208872796,100,2,ELA Predictive,1,2011
204853261,82,2,ELA Predictive,1,2011
207027475,89,2,ELA Predictive,1,2011
207469941,49,2,ELA Predictive,1,2011
205801699,40,2,ELA Predictive,1,2011
205585714,56,2,ELA Predictive,1,2011
205933583,78,2,ELA Predictive,1,2011
226589810,73,2,ELA Predictive,1,2011
207176124,76,2,ELA Predictive,1,2011
206007924,69,2,ELA Predictive,1,2011
205454259,71,2,ELA Predictive,1,2011
207317348,87,2,ELA Predictive,1,2011
205950470,73,2,ELA Predictive,1,2011
207176322,67,2,ELA Predictive,1,2011
206707952,93,2,ELA Predictive,1,2011
205475635,69,2,ELA Predictive,1,2011
205945025,60,2,ELA Predictive,1,2011
206616211,73,2,ELA Predictive,1,2011
204878458,58,2,ELA Predictive,1,2011
207676529,73,2,ELA Predictive,1,2011
205439136,67,2,ELA Predictive,1,2011
204365233,62,2,ELA Predictive,1,2011
205496540,71,2,ELA Predictive,1,2011
206482788,73,2,ELA Predictive,1,2011
205585730,60,2,ELA Predictive,1,2011
205801392,98,2,ELA Predictive,1,2011
205951023,84,2,ELA Predictive,1,2011
207910407,49,2,ELA Predictive,1,2011
206078362,91,2,ELA Predictive,1,2011
205783046,67,2,ELA Predictive,1,2011
205783020,87,2,ELA Predictive,1,2011
205585573,87,2,ELA Predictive,1,2011
205392228,87,2,ELA Predictive,1,2011
206047573,93,2,ELA Predictive,1,2011
207250234,84,2,ELA Predictive,1,2011
207325432,69,2,ELA Predictive,1,2011
206877672,89,2,ELA Predictive,1,2011
206584559,51,2,ELA Predictive,1,2011
205497944,93,2,ELA Predictive,1,2011
206616658,96,2,ELA Predictive,1,2011
207176348,62,2,ELA Predictive,1,2011
205830169,80,2,ELA Predictive,1,2011
207688029,73,2,ELA Predictive,1,2011
204782981,80,2,ELA Predictive,1,2011
205585755,78,2,ELA Predictive,1,2011
205494933,84,2,ELA Predictive,1,2011
215284829,91,2,ELA Predictive,1,2011
205998636,58,2,ELA Predictive,1,2011
206007353,98,2,ELA Predictive,1,2011
205357528,53,2,ELA Predictive,1,2011
206605008,91,2,ELA Predictive,1,2011
207129552,76,2,ELA Predictive,1,2011
219974953,67,2,ELA Predictive,1,2011
205585763,76,2,ELA Predictive,1,2011
206078925,91,2,ELA Predictive,1,2011
206047649,96,2,ELA Predictive,1,2011
205553829,,2,ELA Predictive,1,2011
205902745,78,2,ELA Predictive,1,2011
226464618,49,2,ELA Predictive,1,2011
204156715,62,2,ELA Predictive,1,2011
205831092,71,2,ELA Predictive,1,2011
205801749,89,2,ELA Predictive,1,2011
206007940,84,2,ELA Predictive,1,2011
205211246,73,2,ELA Predictive,1,2011
205801731,80,2,ELA Predictive,1,2011
205902802,82,2,ELA Predictive,1,2011
207356189,67,2,ELA Predictive,1,2011
207577321,87,2,ELA Predictive,1,2011
226588739,71,2,ELA Predictive,1,2011
207027301,100,2,ELA Predictive,1,2011
207975566,64,2,ELA Predictive,1,2011
206584500,56,2,ELA Predictive,1,2011
208191577,53,2,ELA Predictive,1,2011
215314188,62,2,ELA Predictive,1,2011
207676743,89,2,ELA Predictive,1,2011
206186934,87,2,ELA Predictive,1,2011
205933781,82,2,ELA Predictive,1,2011
206374647,67,2,ELA Predictive,1,2011
205902976,89,2,ELA Predictive,1,2011
205439243,73,2,ELA Predictive,1,2011
206605115,82,2,ELA Predictive,1,2011
205527765,51,2,ELA Predictive,1,2011
207676552,87,2,ELA Predictive,1,2011
205782873,93,2,ELA Predictive,1,2011
207406885,53,2,ELA Predictive,1,2011
205432735,80,2,ELA Predictive,1,2011
226587863,87,2,ELA Predictive,1,2011
215388158,91,2,ELA Predictive,1,2011
206012874,84,2,ELA Predictive,1,2011
207356163,58,2,ELA Predictive,1,2011
207865247,71,2,ELA Predictive,1,2011
205523509,96,2,ELA Predictive,1,2011
208121061,69,2,ELA Predictive,1,2011
207169939,89,2,ELA Predictive,1,2011
205782899,100,2,ELA Predictive,1,2011
205950611,27,2,ELA Predictive,1,2011
207175985,82,2,ELA Predictive,1,2011
207250119,64,2,ELA Predictive,1,2011
204151963,71,2,ELA Predictive,1,2011
206019101,80,2,ELA Predictive,1,2011
205022981,87,2,ELA Predictive,1,2011
206100083,67,2,ELA Predictive,1,2011
209610518,96,2,ELA Predictive,1,2011
205999139,82,2,ELA Predictive,1,2011
205999113,91,2,ELA Predictive,1,2011
205801350,80,2,ELA Predictive,1,2011
207129511,76,2,ELA Predictive,1,2011
207587585,80,2,ELA Predictive,1,2011
205933955,71,2,ELA Predictive,1,2011
206083206,71,2,ELA Predictive,1,2011
205933617,91,2,ELA Predictive,1,2011
208931436,76,2,ELA Predictive,1,2011
205801764,67,2,ELA Predictive,1,2011
205801772,80,2,ELA Predictive,1,2011
205454564,87,2,ELA Predictive,1,2011
205585789,84,2,ELA Predictive,1,2011
209181551,49,2,ELA Predictive,1,2011
205801301,49,2,ELA Predictive,1,2011
205782238,76,2,ELA Predictive,1,2011
205585805,60,2,ELA Predictive,1,2011
207212622,73,2,ELA Predictive,1,2011
207802505,64,2,ELA Predictive,1,2011
207355868,96,2,ELA Predictive,1,2011
205830730,96,2,ELA Predictive,1,2011
206078172,76,2,ELA Predictive,1,2011
214611071,64,2,ELA Predictive,1,2011
206649469,87,2,ELA Predictive,1,2011
207276205,80,2,ELA Predictive,1,2011
207175928,89,2,ELA Predictive,1,2011
205801798,67,2,ELA Predictive,1,2011
207276437,89,2,ELA Predictive,1,2011
207129313,93,2,ELA Predictive,1,2011
206626574,49,2,ELA Predictive,1,2011
207176330,84,2,ELA Predictive,1,2011
208120345,84,2,ELA Predictive,1,2011
206752313,87,2,ELA Predictive,1,2011
206720054,84,2,ELA Predictive,1,2011
207356395,60,2,ELA Predictive,1,2011
207201054,80,2,ELA Predictive,1,2011
204471940,51,2,ELA Predictive,1,2011
205950892,76,2,ELA Predictive,1,2011
205944788,84,2,ELA Predictive,1,2011
206541971,93,2,ELA Predictive,1,2011
206765901,44,2,ELA Predictive,1,2011
206483307,53,2,ELA Predictive,1,2011
206483570,69,2,ELA Predictive,1,2011
206795965,51,2,ELA Predictive,1,2011
205933690,91,2,ELA Predictive,1,2011
207756693,94,2,ELA Predictive,1,2011
215324674,91,2,ELA Predictive,1,2011
208313924,,2,ELA Predictive,1,2011
208313619,36,2,ELA Predictive,1,2011
209181650,74,2,ELA Predictive,1,2011
207428384,94,2,ELA Predictive,1,2011
208716134,49,2,ELA Predictive,1,2011
207909169,79,2,ELA Predictive,1,2011
208790725,,2,ELA Predictive,1,2011
208120527,74,2,ELA Predictive,1,2011
205632482,87,2,ELA Predictive,1,2011
206484495,87,2,ELA Predictive,1,2011
208187401,96,2,ELA Predictive,1,2011
208932939,100,2,ELA Predictive,1,2011
208694349,,2,ELA Predictive,1,2011
207744327,,2,ELA Predictive,1,2011
205982804,94,2,ELA Predictive,1,2011
208249698,,2,ELA Predictive,1,2011
207169962,89,2,ELA Predictive,1,2011
208968206,98,2,ELA Predictive,1,2011
207275645,89,2,ELA Predictive,1,2011
219794922,85,2,ELA Predictive,1,2011
207389784,81,2,ELA Predictive,1,2011
207708793,,2,ELA Predictive,1,2011
207648254,81,2,ELA Predictive,1,2011
207235425,72,2,ELA Predictive,1,2011
205977762,89,2,ELA Predictive,1,2011
207648361,68,2,ELA Predictive,1,2011
208338228,89,2,ELA Predictive,1,2011
207481102,68,2,ELA Predictive,1,2011
208819698,87,2,ELA Predictive,1,2011
208644062,98,2,ELA Predictive,1,2011
207779646,94,2,ELA Predictive,1,2011
231263948,,2,ELA Predictive,1,2011
208643486,77,2,ELA Predictive,1,2011
207481136,83,2,ELA Predictive,1,2011
207909607,77,2,ELA Predictive,1,2011
208420745,,2,ELA Predictive,1,2011
207085895,87,2,ELA Predictive,1,2011
205982861,83,2,ELA Predictive,1,2011
207389974,77,2,ELA Predictive,1,2011
208643932,87,2,ELA Predictive,1,2011
208314401,91,2,ELA Predictive,1,2011
207123951,98,2,ELA Predictive,1,2011
207424821,77,2,ELA Predictive,1,2011
207978800,74,2,ELA Predictive,1,2011
208819847,91,2,ELA Predictive,1,2011
207909060,49,2,ELA Predictive,1,2011
207234931,91,2,ELA Predictive,1,2011
208270595,96,2,ELA Predictive,1,2011
207647751,100,2,ELA Predictive,1,2011
207123977,79,2,ELA Predictive,1,2011
207234980,55,2,ELA Predictive,1,2011
209181932,94,2,ELA Predictive,1,2011
214575433,96,2,ELA Predictive,1,2011
207234741,79,2,ELA Predictive,1,2011
231267329,,2,ELA Predictive,1,2011
208694521,,2,ELA Predictive,1,2011
209459437,87,2,ELA Predictive,1,2011
207124371,87,2,ELA Predictive,1,2011
208556837,60,2,ELA Predictive,1,2011
208211912,96,2,ELA Predictive,1,2011
207185398,98,2,ELA Predictive,1,2011
208313668,68,2,ELA Predictive,1,2011
207648270,81,2,ELA Predictive,1,2011
207389792,51,2,ELA Predictive,1,2011
205629553,,2,ELA Predictive,1,2011
203921846,55,2,ELA Predictive,1,2011
207234956,87,2,ELA Predictive,1,2011
207166661,60,2,ELA Predictive,1,2011
207166695,81,2,ELA Predictive,1,2011
209305937,85,2,ELA Predictive,1,2011
207648296,77,2,ELA Predictive,1,2011
207481342,72,2,ELA Predictive,1,2011
205857113,72,2,ELA Predictive,1,2011
207909540,85,2,ELA Predictive,1,2011
208249201,81,2,ELA Predictive,1,2011
207389818,81,2,ELA Predictive,1,2011
207356080,85,2,ELA Predictive,1,2011
207317389,64,2,ELA Predictive,1,2011
206584088,55,2,ELA Predictive,1,2011
207481359,57,2,ELA Predictive,1,2011
207481367,66,2,ELA Predictive,1,2011
208388686,94,2,ELA Predictive,1,2011
208154658,,2,ELA Predictive,1,2011
207176579,,2,ELA Predictive,1,2011
207009416,89,2,ELA Predictive,1,2011
231264003,,2,ELA Predictive,1,2011
207239807,68,2,ELA Predictive,1,2011
218186724,51,2,ELA Predictive,1,2011
207510116,68,2,ELA Predictive,1,2011
206483950,100,2,ELA Predictive,1,2011
207406422,87,2,ELA Predictive,1,2011
207167339,70,2,ELA Predictive,1,2011
205732746,,2,ELA Predictive,1,2011
231737511,,2,ELA Predictive,1,2011
207524463,94,2,ELA Predictive,1,2011
208674762,96,2,ELA Predictive,1,2011
207425273,91,2,ELA Predictive,1,2011
204226211,,2,ELA Predictive,1,2011
207004243,74,2,ELA Predictive,1,2011
206626996,100,2,ELA Predictive,1,2011
207967787,70,2,ELA Predictive,1,2011
208780171,100,2,ELA Predictive,1,2011
214823742,,2,ELA Predictive,1,2011
207658147,,2,ELA Predictive,1,2011
207481177,83,2,ELA Predictive,1,2011
204218564,72,2,ELA Predictive,1,2011
207726852,79,2,ELA Predictive,1,2011
208865444,,2,ELA Predictive,1,2011
206484230,81,2,ELA Predictive,1,2011
207191495,77,2,ELA Predictive,1,2011
206929382,79,2,ELA Predictive,1,2011
208350306,98,2,ELA Predictive,1,2011
208270496,,2,ELA Predictive,1,2011
209330711,74,2,ELA Predictive,1,2011
220088884,,2,ELA Predictive,1,2011
206484065,79,2,ELA Predictive,1,2011
207756875,77,2,ELA Predictive,1,2011
223091208,81,2,ELA Predictive,1,2011
207744145,79,2,ELA Predictive,1,2011
214478414,85,2,ELA Predictive,1,2011
206652737,,2,ELA Predictive,1,2011
208313569,,2,ELA Predictive,1,2011
208715664,57,2,ELA Predictive,1,2011
226919520,55,2,ELA Predictive,1,2011
207454232,96,2,ELA Predictive,1,2011
207978115,83,2,ELA Predictive,1,2011
207662966,79,2,ELA Predictive,1,2011
207004433,94,2,ELA Predictive,1,2011
231263930,,2,ELA Predictive,1,2011
208349829,96,2,ELA Predictive,1,2011
207909763,60,2,ELA Predictive,1,2011
208780189,98,2,ELA Predictive,1,2011
207474578,91,2,ELA Predictive,1,2011
208349837,89,2,ELA Predictive,1,2011
208849042,83,2,ELA Predictive,1,2011
207389859,68,2,ELA Predictive,1,2011
207445669,70,2,ELA Predictive,1,2011
208350199,89,2,ELA Predictive,1,2011
208955682,94,2,ELA Predictive,1,2011
205977580,100,2,ELA Predictive,1,2011
207389875,62,2,ELA Predictive,1,2011
208232173,98,2,ELA Predictive,1,2011
208872267,66,2,ELA Predictive,1,2011
207653635,94,2,ELA Predictive,1,2011
207728189,89,2,ELA Predictive,1,2011
207909292,64,2,ELA Predictive,1,2011
216177493,94,2,ELA Predictive,1,2011
205969314,85,2,ELA Predictive,1,2011
208249706,55,2,ELA Predictive,1,2011
205860919,94,2,ELA Predictive,1,2011
206794158,81,2,ELA Predictive,1,2011
209611060,91,2,ELA Predictive,1,2011
208186627,85,2,ELA Predictive,1,2011
207648411,68,2,ELA Predictive,1,2011
209638063,96,2,ELA Predictive,1,2011
207688052,98,2,ELA Predictive,1,2011
207978420,74,2,ELA Predictive,1,2011
208736728,98,2,ELA Predictive,1,2011
231269176,,2,ELA Predictive,1,2011
209013523,,2,ELA Predictive,1,2011
207657941,98,2,ELA Predictive,1,2011
205453913,,2,ELA Predictive,1,2011
209420470,62,2,ELA Predictive,1,2011
207499039,53,2,ELA Predictive,1,2011
208982546,,2,ELA Predictive,1,2011
219974755,96,2,ELA Predictive,1,2011
207424672,,2,ELA Predictive,1,2011
207658204,85,2,ELA Predictive,1,2011
207979352,91,2,ELA Predictive,1,2011
206652919,87,2,ELA Predictive,1,2011
207687849,89,2,ELA Predictive,1,2011
207176314,66,2,ELA Predictive,1,2011
208313791,83,2,ELA Predictive,1,2011
207816588,83,2,ELA Predictive,1,2011
213632367,96,2,ELA Predictive,1,2011
206676801,94,2,ELA Predictive,1,2011
205402845,60,2,ELA Predictive,1,2011
215313834,91,2,ELA Predictive,1,2011
207669995,94,2,ELA Predictive,1,2011
207356437,94,2,ELA Predictive,1,2011
208819904,98,2,ELA Predictive,1,2011
207528464,74,2,ELA Predictive,1,2011
215034117,,2,ELA Predictive,1,2011
207709239,,2,ELA Predictive,1,2011
207662115,96,2,ELA Predictive,1,2011
208338368,96,2,ELA Predictive,1,2011
214162067,98,2,ELA Predictive,1,2011
207524927,100,2,ELA Predictive,1,2011
207525007,89,2,ELA Predictive,1,2011
207176546,,2,ELA Predictive,1,2011
208715508,91,2,ELA Predictive,1,2011
208350058,98,2,ELA Predictive,1,2011
207688037,66,2,ELA Predictive,1,2011
208968008,,2,ELA Predictive,1,2011
207909284,89,2,ELA Predictive,1,2011
207648221,77,2,ELA Predictive,1,2011
207235433,77,2,ELA Predictive,1,2011
207481441,89,2,ELA Predictive,1,2011
208452482,85,2,ELA Predictive,1,2011
207657479,62,2,ELA Predictive,1,2011
206853228,66,2,ELA Predictive,1,2011
207648429,62,2,ELA Predictive,1,2011
209970839,98,2,ELA Predictive,1,2011
207424896,89,2,ELA Predictive,1,2011
209091107,79,2,ELA Predictive,1,2011
207909227,70,2,ELA Predictive,1,2011
209351535,89,2,ELA Predictive,1,2011
207908880,89,2,ELA Predictive,1,2011
207239781,91,2,ELA Predictive,1,2011
207524745,96,2,ELA Predictive,1,2011
209090844,98,2,ELA Predictive,1,2011
220465801,96,2,ELA Predictive,1,2011
207389933,74,2,ELA Predictive,1,2011
208674929,91,2,ELA Predictive,1,2011
207250374,91,2,ELA Predictive,1,2011
208338087,,2,ELA Predictive,1,2011
207687880,74,2,ELA Predictive,1,2011
208642116,100,2,ELA Predictive,1,2011
208753467,91,2,ELA Predictive,1,2011
208694687,,2,ELA Predictive,1,2011
208364331,87,2,ELA Predictive,1,2011
216184341,94,2,ELA Predictive,1,2011
207481466,72,2,ELA Predictive,1,2011
207389941,85,2,ELA Predictive,1,2011
208694703,,2,ELA Predictive,1,2011
207487018,77,2,ELA Predictive,1,2011
207936675,79,2,ELA Predictive,1,2011
207235334,96,2,ELA Predictive,1,2011
207235185,70,2,ELA Predictive,1,2011
207364373,89,2,ELA Predictive,1,2011
207648437,94,2,ELA Predictive,1,2011
208410530,72,2,ELA Predictive,1,2011
221195837,68,2,ELA Predictive,1,2011
209482454,91,2,ELA Predictive,1,2011
207424805,62,2,ELA Predictive,1,2011
208715904,89,2,ELA Predictive,1,2011
207766171,66,2,ELA Predictive,1,2011
207453341,94,2,ELA Predictive,1,2011
208819920,87,2,ELA Predictive,1,2011
208349753,100,2,ELA Predictive,1,2011
214904179,87,2,ELA Predictive,1,2011
207743485,96,2,ELA Predictive,1,2011
207803214,83,2,ELA Predictive,1,2011
206782328,81,2,ELA Predictive,1,2011
206815797,64,2,ELA Predictive,1,2011
207676834,,2,ELA Predictive,1,2011
206929366,81,2,ELA Predictive,1,2011
205865462,87,2,ELA Predictive,1,2011
208820100,91,2,ELA Predictive,1,2011
205637242,85,2,ELA Predictive,1,2011
208594440,96,2,ELA Predictive,1,2011
207248311,,2,ELA Predictive,1,2011
207389958,74,2,ELA Predictive,1,2011
204052252,85,2,ELA Predictive,1,2011
204925903,79,2,ELA Predictive,1,2011
204307284,92,2,ELA Predictive,1,2011
214950800,79,2,ELA Predictive,1,2011
203552351,88,2,ELA Predictive,1,2011
203858303,85,2,ELA Predictive,1,2011
203849203,88,2,ELA Predictive,1,2011
203801576,71,2,ELA Predictive,1,2011
205367014,94,2,ELA Predictive,1,2011
206326753,88,2,ELA Predictive,1,2011
208423210,81,2,ELA Predictive,1,2011
209090638,79,2,ELA Predictive,1,2011
205399884,94,2,ELA Predictive,1,2011
204320097,94,2,ELA Predictive,1,2011
203632054,85,2,ELA Predictive,1,2011
203965371,77,2,ELA Predictive,1,2011
204908511,92,2,ELA Predictive,1,2011
205403421,85,2,ELA Predictive,1,2011
203774849,77,2,ELA Predictive,1,2011
203629407,73,2,ELA Predictive,1,2011
204374680,79,2,ELA Predictive,1,2011
204050793,88,2,ELA Predictive,1,2011
204661185,73,2,ELA Predictive,1,2011
209744333,77,2,ELA Predictive,1,2011
203722764,94,2,ELA Predictive,1,2011
205507320,75,2,ELA Predictive,1,2011
206202889,65,2,ELA Predictive,1,2011
205403298,79,2,ELA Predictive,1,2011
204350425,92,2,ELA Predictive,1,2011
204362453,88,2,ELA Predictive,1,2011
205782378,71,2,ELA Predictive,1,2011
204946958,88,2,ELA Predictive,1,2011
209402379,85,2,ELA Predictive,1,2011
203932918,79,2,ELA Predictive,1,2011
203574983,75,2,ELA Predictive,1,2011
203849161,65,2,ELA Predictive,1,2011
215077702,77,2,ELA Predictive,1,2011
203898648,75,2,ELA Predictive,1,2011
207976507,69,2,ELA Predictive,1,2011
205403363,71,2,ELA Predictive,1,2011
205343403,88,2,ELA Predictive,1,2011
204399455,79,2,ELA Predictive,1,2011
203792973,96,2,ELA Predictive,1,2011
205502081,75,2,ELA Predictive,1,2011
203310776,90,2,ELA Predictive,1,2011
205998214,77,2,ELA Predictive,1,2011
203776133,100,2,ELA Predictive,1,2011
205507817,90,2,ELA Predictive,1,2011
203932991,85,2,ELA Predictive,1,2011
206202764,54,2,ELA Predictive,1,2011
206233330,92,2,ELA Predictive,1,2011
205909864,71,2,ELA Predictive,1,2011
219225869,90,2,ELA Predictive,1,2011
203776927,65,2,ELA Predictive,1,2011
204125371,63,2,ELA Predictive,1,2011
204319339,83,2,ELA Predictive,1,2011
204050801,85,2,ELA Predictive,1,2011
227241320,75,2,ELA Predictive,1,2011
206293383,85,2,ELA Predictive,1,2011
205488802,92,2,ELA Predictive,1,2011
204335145,100,2,ELA Predictive,1,2011
203810882,88,2,ELA Predictive,1,2011
209359470,83,2,ELA Predictive,1,2011
203965470,48,2,ELA Predictive,1,2011
207356338,71,2,ELA Predictive,1,2011
203652045,88,2,ELA Predictive,1,2011
205801269,83,2,ELA Predictive,1,2011
274683507,94,2,ELA Predictive,1,2011
205553928,56,2,ELA Predictive,1,2011
205055320,98,2,ELA Predictive,1,2011
204853329,81,2,ELA Predictive,1,2011
205569874,81,2,ELA Predictive,1,2011
207846791,81,2,ELA Predictive,1,2011
205644024,73,2,ELA Predictive,1,2011
204379119,85,2,ELA Predictive,1,2011
203491758,94,2,ELA Predictive,1,2011
204390405,81,2,ELA Predictive,1,2011
205954027,92,2,ELA Predictive,1,2011
226464485,85,2,ELA Predictive,1,2011
204444830,63,2,ELA Predictive,1,2011
204111561,92,2,ELA Predictive,1,2011
204439988,94,2,ELA Predictive,1,2011
204620579,75,2,ELA Predictive,1,2011
204066450,69,2,ELA Predictive,1,2011
207372475,81,2,ELA Predictive,1,2011
205550122,92,2,ELA Predictive,1,2011
205507205,75,2,ELA Predictive,1,2011
204379143,71,2,ELA Predictive,1,2011
205739790,81,2,ELA Predictive,1,2011
203776844,81,2,ELA Predictive,1,2011
203833173,96,2,ELA Predictive,1,2011
205531171,90,2,ELA Predictive,1,2011
203735568,79,2,ELA Predictive,1,2011
205075138,94,2,ELA Predictive,1,2011
221430150,63,2,ELA Predictive,1,2011
204050959,54,2,ELA Predictive,1,2011
205455280,67,2,ELA Predictive,1,2011
204067045,81,2,ELA Predictive,1,2011
204908685,90,2,ELA Predictive,1,2011
205550445,77,2,ELA Predictive,1,2011
204746010,92,2,ELA Predictive,1,2011
205496516,81,2,ELA Predictive,1,2011
275256576,56,2,ELA Predictive,1,2011
207819665,88,2,ELA Predictive,1,2011
205089097,81,2,ELA Predictive,1,2011
214610602,60,2,ELA Predictive,1,2011
204529978,94,2,ELA Predictive,1,2011
205643794,92,2,ELA Predictive,1,2011
204066518,77,2,ELA Predictive,1,2011
204037931,71,2,ELA Predictive,1,2011
203548003,96,2,ELA Predictive,1,2011
204821896,69,2,ELA Predictive,1,2011
206447773,94,2,ELA Predictive,1,2011
204050850,67,2,ELA Predictive,1,2011
204111371,42,2,ELA Predictive,1,2011
206233199,81,2,ELA Predictive,1,2011
204088173,88,2,ELA Predictive,1,2011
207213489,90,2,ELA Predictive,1,2011
204077481,96,2,ELA Predictive,1,2011
220469233,75,2,ELA Predictive,1,2011
206408957,85,2,ELA Predictive,1,2011
204878284,85,2,ELA Predictive,1,2011
204307128,75,2,ELA Predictive,1,2011
227241270,73,2,ELA Predictive,1,2011
205403405,85,2,ELA Predictive,1,2011
204369912,85,2,ELA Predictive,1,2011
208186973,98,2,ELA Predictive,1,2011
205553175,83,2,ELA Predictive,1,2011
206484560,83,2,ELA Predictive,1,2011
205653983,58,2,ELA Predictive,1,2011
204319404,90,2,ELA Predictive,1,2011
203932520,85,2,ELA Predictive,1,2011
204357305,94,2,ELA Predictive,1,2011
204809909,85,2,ELA Predictive,1,2011
204925259,79,2,ELA Predictive,1,2011
206451866,83,2,ELA Predictive,1,2011
209091115,85,2,ELA Predictive,1,2011
204362669,92,2,ELA Predictive,1,2011
206450710,83,2,ELA Predictive,1,2011
206450686,83,2,ELA Predictive,1,2011
206234148,88,2,ELA Predictive,1,2011
218747483,90,2,ELA Predictive,1,2011
204908859,71,2,ELA Predictive,1,2011
203932926,81,2,ELA Predictive,1,2011
205782188,92,2,ELA Predictive,1,2011
206879801,90,2,ELA Predictive,1,2011
204111892,83,2,ELA Predictive,1,2011
205507551,88,2,ELA Predictive,1,2011
206203077,85,2,ELA Predictive,1,2011
204695654,75,2,ELA Predictive,1,2011
204747679,92,2,ELA Predictive,1,2011
204051239,,2,ELA Predictive,1,2011
205455488,83,2,ELA Predictive,1,2011
203790381,98,2,ELA Predictive,1,2011
204878821,56,2,ELA Predictive,1,2011
207802893,88,2,ELA Predictive,1,2011
203999479,90,2,ELA Predictive,1,2011
204821961,69,2,ELA Predictive,1,2011
204050991,90,2,ELA Predictive,1,2011
205488570,83,2,ELA Predictive,1,2011
203833231,90,2,ELA Predictive,1,2011
275068336,83,2,ELA Predictive,1,2011
205507775,69,2,ELA Predictive,1,2011
206233520,83,2,ELA Predictive,1,2011
221388895,90,2,ELA Predictive,1,2011
204848949,83,2,ELA Predictive,1,2011
205670573,52,2,ELA Predictive,1,2011
204268742,85,2,ELA Predictive,1,2011
205488851,69,2,ELA Predictive,1,2011
205023062,75,2,ELA Predictive,1,2011
204993125,90,2,ELA Predictive,1,2011
204285852,63,2,ELA Predictive,1,2011
203646690,56,2,ELA Predictive,1,2011
203965389,79,2,ELA Predictive,1,2011
274656065,88,2,ELA Predictive,1,2011
205366396,77,2,ELA Predictive,1,2011
204782247,58,2,ELA Predictive,1,2011
203681424,79,2,ELA Predictive,1,2011
204378517,90,2,ELA Predictive,1,2011
204050884,94,2,ELA Predictive,1,2011
204950216,94,2,ELA Predictive,1,2011
275184513,67,2,ELA Predictive,1,2011
207819897,75,2,ELA Predictive,1,2011
203681325,83,2,ELA Predictive,1,2011
204888135,71,2,ELA Predictive,1,2011
216370924,81,2,ELA Predictive,1,2011
203965587,92,2,ELA Predictive,1,2011
204378582,90,2,ELA Predictive,1,2011
205672215,73,2,ELA Predictive,1,2011
204390207,90,2,ELA Predictive,1,2011
203932470,79,2,ELA Predictive,1,2011
203735576,65,2,ELA Predictive,1,2011
205055577,88,2,ELA Predictive,1,2011
274705516,95,3,Math Predictive,1,2011
204286025,90,3,Math Predictive,1,2011
220058051,75,3,Math Predictive,1,2011
203114830,93,3,Math Predictive,1,2011
203721444,56,3,Math Predictive,1,2011
203652763,78,3,Math Predictive,1,2011
209403187,83,3,Math Predictive,1,2011
200266104,80,3,Math Predictive,1,2011
203708508,90,3,Math Predictive,1,2011
275201911,90,3,Math Predictive,1,2011
203838321,80,3,Math Predictive,1,2011
204390009,90,3,Math Predictive,1,2011
202049276,90,3,Math Predictive,1,2011
203107230,78,3,Math Predictive,1,2011
274843416,88,3,Math Predictive,1,2011
275149094,85,3,Math Predictive,1,2011
274890474,83,3,Math Predictive,1,2011
203793500,93,3,Math Predictive,1,2011
274659861,90,3,Math Predictive,1,2011
203652607,73,3,Math Predictive,1,2011
222106643,74,3,Math Predictive,1,2011
275057479,85,3,Math Predictive,1,2011
274843192,90,3,Math Predictive,1,2011
275201721,90,3,Math Predictive,1,2011
274419050,85,3,Math Predictive,1,2011
203268776,93,3,Math Predictive,1,2011
274890490,90,3,Math Predictive,1,2011
274777853,88,3,Math Predictive,1,2011
202393146,90,3,Math Predictive,1,2011
203810981,83,3,Math Predictive,1,2011
269703096,63,3,Math Predictive,1,2011
203868641,83,3,Math Predictive,1,2011
274889997,95,3,Math Predictive,1,2011
274889922,90,3,Math Predictive,1,2011
270268881,90,3,Math Predictive,1,2011
203810395,93,3,Math Predictive,1,2011
205739782,95,3,Math Predictive,1,2011
275255628,90,3,Math Predictive,1,2011
218652576,70,3,Math Predictive,1,2011
209359454,80,3,Math Predictive,1,2011
203259403,88,3,Math Predictive,1,2011
203652086,78,3,Math Predictive,1,2011
203171855,93,3,Math Predictive,1,2011
203810445,93,3,Math Predictive,1,2011
274652486,90,3,Math Predictive,1,2011
274948421,88,3,Math Predictive,1,2011
275149102,75,3,Math Predictive,1,2011
203116280,93,3,Math Predictive,1,2011
203680962,83,3,Math Predictive,1,2011
203721204,88,3,Math Predictive,1,2011
203880950,73,3,Math Predictive,1,2011
203898408,90,3,Math Predictive,1,2011
207355827,78,3,Math Predictive,1,2011
275188464,72,3,Math Predictive,1,2011
203721808,75,3,Math Predictive,1,2011
203933130,83,3,Math Predictive,1,2011
274843226,80,3,Math Predictive,1,2011
274890169,95,3,Math Predictive,1,2011
200052058,85,3,Math Predictive,1,2011
204519078,83,3,Math Predictive,1,2011
274747724,90,3,Math Predictive,1,2011
203793773,80,3,Math Predictive,1,2011
275130847,88,3,Math Predictive,1,2011
203431911,93,3,Math Predictive,1,2011
200003424,68,3,Math Predictive,1,2011
215008921,80,3,Math Predictive,1,2011
204586960,85,3,Math Predictive,1,2011
207908609,85,3,Math Predictive,1,2011
200786853,85,3,Math Predictive,1,2011
275144442,88,3,Math Predictive,1,2011
274607308,88,3,Math Predictive,1,2011
269703443,80,3,Math Predictive,1,2011
275273407,85,3,Math Predictive,1,2011
270227184,85,3,Math Predictive,1,2011
274890318,80,3,Math Predictive,1,2011
275164150,93,3,Math Predictive,1,2011
203002738,75,3,Math Predictive,1,2011
275149227,88,3,Math Predictive,1,2011
203681093,85,3,Math Predictive,1,2011
274804764,80,3,Math Predictive,1,2011
274804731,80,3,Math Predictive,1,2011
204531933,88,3,Math Predictive,1,2011
202265831,95,3,Math Predictive,1,2011
204067326,90,3,Math Predictive,1,2011
203057575,85,3,Math Predictive,1,2011
274979814,75,3,Math Predictive,1,2011
204077663,88,3,Math Predictive,1,2011
203549332,83,3,Math Predictive,1,2011
204276380,75,3,Math Predictive,1,2011
203680897,90,3,Math Predictive,1,2011
204286082,95,3,Math Predictive,1,2011
203821780,93,3,Math Predictive,1,2011
207968587,88,3,Math Predictive,1,2011
203172101,88,3,Math Predictive,1,2011
209855303,85,3,Math Predictive,1,2011
275149359,80,3,Math Predictive,1,2011
202896940,85,3,Math Predictive,1,2011
275202331,95,3,Math Predictive,1,2011
203172002,93,3,Math Predictive,1,2011
203172010,100,3,Math Predictive,1,2011
206167934,95,3,Math Predictive,1,2011
275084705,79,3,Math Predictive,1,2011
203173141,67,3,Math Predictive,1,2011
204286587,78,3,Math Predictive,1,2011
204426670,80,3,Math Predictive,1,2011
274948660,85,3,Math Predictive,1,2011
275181691,80,3,Math Predictive,1,2011
202975157,83,3,Math Predictive,1,2011
270144108,85,3,Math Predictive,1,2011
274889914,93,3,Math Predictive,1,2011
203037189,85,3,Math Predictive,1,2011
204076228,64,3,Math Predictive,1,2011
274981117,83,3,Math Predictive,1,2011
203681366,83,3,Math Predictive,1,2011
203759360,73,3,Math Predictive,1,2011
203793468,85,3,Math Predictive,1,2011
205808975,93,3,Math Predictive,1,2011
203143631,88,3,Math Predictive,1,2011
207846726,90,3,Math Predictive,1,2011
230685646,,3,Math Predictive,1,2011
275166742,83,3,Math Predictive,1,2011
220111645,78,3,Math Predictive,1,2011
204052252,93,3,Math Predictive,1,2011
204925903,93,3,Math Predictive,1,2011
204307284,90,3,Math Predictive,1,2011
214950800,80,3,Math Predictive,1,2011
203552351,85,3,Math Predictive,1,2011
203858303,85,3,Math Predictive,1,2011
203849203,88,3,Math Predictive,1,2011
203801576,85,3,Math Predictive,1,2011
205367014,85,3,Math Predictive,1,2011
206326753,85,3,Math Predictive,1,2011
208423210,85,3,Math Predictive,1,2011
209090638,85,3,Math Predictive,1,2011
205399884,95,3,Math Predictive,1,2011
204320097,90,3,Math Predictive,1,2011
203632054,93,3,Math Predictive,1,2011
203965371,90,3,Math Predictive,1,2011
204908511,95,3,Math Predictive,1,2011
205403421,85,3,Math Predictive,1,2011
203774849,88,3,Math Predictive,1,2011
203629407,78,3,Math Predictive,1,2011
204374680,71,3,Math Predictive,1,2011
204050793,73,3,Math Predictive,1,2011
204661185,83,3,Math Predictive,1,2011
209744333,83,3,Math Predictive,1,2011
203722764,93,3,Math Predictive,1,2011
205507320,83,3,Math Predictive,1,2011
206202889,85,3,Math Predictive,1,2011
205403298,85,3,Math Predictive,1,2011
204350425,98,3,Math Predictive,1,2011
204362453,88,3,Math Predictive,1,2011
205782378,93,3,Math Predictive,1,2011
204946958,93,3,Math Predictive,1,2011
209402379,88,3,Math Predictive,1,2011
203932918,95,3,Math Predictive,1,2011
203574983,44,3,Math Predictive,1,2011
203849161,83,3,Math Predictive,1,2011
215077702,80,3,Math Predictive,1,2011
203898648,85,3,Math Predictive,1,2011
207976507,78,3,Math Predictive,1,2011
205403363,85,3,Math Predictive,1,2011
205343403,90,3,Math Predictive,1,2011
204399455,83,3,Math Predictive,1,2011
203792973,95,3,Math Predictive,1,2011
205502081,83,3,Math Predictive,1,2011
203310776,93,3,Math Predictive,1,2011
205998214,80,3,Math Predictive,1,2011
203776133,95,3,Math Predictive,1,2011
205507817,88,3,Math Predictive,1,2011
203932991,76,3,Math Predictive,1,2011
206202764,76,3,Math Predictive,1,2011
206233330,95,3,Math Predictive,1,2011
205909864,93,3,Math Predictive,1,2011
219225869,98,3,Math Predictive,1,2011
203776927,73,3,Math Predictive,1,2011
204125371,80,3,Math Predictive,1,2011
204319339,88,3,Math Predictive,1,2011
204050801,90,3,Math Predictive,1,2011
227241320,90,3,Math Predictive,1,2011
206293383,88,3,Math Predictive,1,2011
205488802,93,3,Math Predictive,1,2011
204335145,76,3,Math Predictive,1,2011
203810882,85,3,Math Predictive,1,2011
209359470,80,3,Math Predictive,1,2011
203965470,61,3,Math Predictive,1,2011
207356338,90,3,Math Predictive,1,2011
203652045,88,3,Math Predictive,1,2011
205801269,83,3,Math Predictive,1,2011
274683507,93,3,Math Predictive,1,2011
205553928,61,3,Math Predictive,1,2011
205055320,95,3,Math Predictive,1,2011
204853329,85,3,Math Predictive,1,2011
205569874,88,3,Math Predictive,1,2011
207846791,90,3,Math Predictive,1,2011
205644024,73,3,Math Predictive,1,2011
204379119,76,3,Math Predictive,1,2011
203491758,66,3,Math Predictive,1,2011
204390405,83,3,Math Predictive,1,2011
205954027,93,3,Math Predictive,1,2011
226464485,83,3,Math Predictive,1,2011
204444830,85,3,Math Predictive,1,2011
204111561,90,3,Math Predictive,1,2011
204439988,98,3,Math Predictive,1,2011
204620579,88,3,Math Predictive,1,2011
204066450,88,3,Math Predictive,1,2011
207372475,90,3,Math Predictive,1,2011
205550122,93,3,Math Predictive,1,2011
205507205,73,3,Math Predictive,1,2011
204379143,85,3,Math Predictive,1,2011
205739790,88,3,Math Predictive,1,2011
203776844,83,3,Math Predictive,1,2011
203833173,85,3,Math Predictive,1,2011
205531171,90,3,Math Predictive,1,2011
203735568,80,3,Math Predictive,1,2011
205075138,95,3,Math Predictive,1,2011
221430150,85,3,Math Predictive,1,2011
204050959,85,3,Math Predictive,1,2011
205455280,90,3,Math Predictive,1,2011
204067045,80,3,Math Predictive,1,2011
204908685,76,3,Math Predictive,1,2011
205550445,80,3,Math Predictive,1,2011
204746010,93,3,Math Predictive,1,2011
205496516,88,3,Math Predictive,1,2011
275256576,76,3,Math Predictive,1,2011
207819665,76,3,Math Predictive,1,2011
205089097,93,3,Math Predictive,1,2011
214610602,71,3,Math Predictive,1,2011
204529978,85,3,Math Predictive,1,2011
205643794,98,3,Math Predictive,1,2011
204066518,83,3,Math Predictive,1,2011
204037931,88,3,Math Predictive,1,2011
203548003,93,3,Math Predictive,1,2011
204821896,85,3,Math Predictive,1,2011
206447773,98,3,Math Predictive,1,2011
204050850,83,3,Math Predictive,1,2011
204111371,71,3,Math Predictive,1,2011
206233199,88,3,Math Predictive,1,2011
204088173,93,3,Math Predictive,1,2011
207213489,80,3,Math Predictive,1,2011
204077481,88,3,Math Predictive,1,2011
220469233,90,3,Math Predictive,1,2011
206408957,85,3,Math Predictive,1,2011
204878284,85,3,Math Predictive,1,2011
204307128,88,3,Math Predictive,1,2011
227241270,93,3,Math Predictive,1,2011
205403405,83,3,Math Predictive,1,2011
204369912,93,3,Math Predictive,1,2011
208186973,93,3,Math Predictive,1,2011
205553175,90,3,Math Predictive,1,2011
206484560,95,3,Math Predictive,1,2011
205653983,88,3,Math Predictive,1,2011
204319404,76,3,Math Predictive,1,2011
203932520,80,3,Math Predictive,1,2011
204357305,90,3,Math Predictive,1,2011
204809909,90,3,Math Predictive,1,2011
204925259,85,3,Math Predictive,1,2011
206451866,88,3,Math Predictive,1,2011
209091115,93,3,Math Predictive,1,2011
204362669,88,3,Math Predictive,1,2011
206450710,90,3,Math Predictive,1,2011
206450686,90,3,Math Predictive,1,2011
206234148,93,3,Math Predictive,1,2011
218747483,88,3,Math Predictive,1,2011
204908859,85,3,Math Predictive,1,2011
203932926,63,3,Math Predictive,1,2011
205782188,95,3,Math Predictive,1,2011
206879801,98,3,Math Predictive,1,2011
204111892,85,3,Math Predictive,1,2011
205507551,90,3,Math Predictive,1,2011
206203077,83,3,Math Predictive,1,2011
204695654,73,3,Math Predictive,1,2011
204747679,85,3,Math Predictive,1,2011
204051239,,3,Math Predictive,1,2011
205455488,95,3,Math Predictive,1,2011
203790381,98,3,Math Predictive,1,2011
204878821,83,3,Math Predictive,1,2011
207802893,88,3,Math Predictive,1,2011
203999479,98,3,Math Predictive,1,2011
204821961,85,3,Math Predictive,1,2011
204050991,83,3,Math Predictive,1,2011
205488570,90,3,Math Predictive,1,2011
203833231,90,3,Math Predictive,1,2011
275068336,85,3,Math Predictive,1,2011
205507775,71,3,Math Predictive,1,2011
206233520,78,3,Math Predictive,1,2011
221388895,76,3,Math Predictive,1,2011
204848949,78,3,Math Predictive,1,2011
205670573,78,3,Math Predictive,1,2011
204268742,93,3,Math Predictive,1,2011
205488851,95,3,Math Predictive,1,2011
205023062,95,3,Math Predictive,1,2011
204993125,90,3,Math Predictive,1,2011
204285852,68,3,Math Predictive,1,2011
203646690,85,3,Math Predictive,1,2011
203965389,88,3,Math Predictive,1,2011
274656065,93,3,Math Predictive,1,2011
205366396,88,3,Math Predictive,1,2011
204782247,73,3,Math Predictive,1,2011
203681424,71,3,Math Predictive,1,2011
204378517,93,3,Math Predictive,1,2011
204050884,95,3,Math Predictive,1,2011
204950216,88,3,Math Predictive,1,2011
275184513,83,3,Math Predictive,1,2011
207819897,88,3,Math Predictive,1,2011
203681325,76,3,Math Predictive,1,2011
204888135,95,3,Math Predictive,1,2011
216370924,88,3,Math Predictive,1,2011
203965587,100,3,Math Predictive,1,2011
204378582,83,3,Math Predictive,1,2011
205672215,71,3,Math Predictive,1,2011
204390207,88,3,Math Predictive,1,2011
203932470,80,3,Math Predictive,1,2011
203735576,78,3,Math Predictive,1,2011
205055577,78,3,Math Predictive,1,2011
205998503,79,3,Math Predictive,1,2011
206599797,91,3,Math Predictive,1,2011
214951824,88,3,Math Predictive,1,2011
206566291,82,3,Math Predictive,1,2011
203283502,79,3,Math Predictive,1,2011
207525593,88,3,Math Predictive,1,2011
207907106,82,3,Math Predictive,1,2011
204196521,76,3,Math Predictive,1,2011
205902307,94,3,Math Predictive,1,2011
207819848,91,3,Math Predictive,1,2011
207390139,91,3,Math Predictive,1,2011
221100092,67,3,Math Predictive,1,2011
215251596,97,3,Math Predictive,1,2011
205933732,79,3,Math Predictive,1,2011
207647488,97,3,Math Predictive,1,2011
205694086,88,3,Math Predictive,1,2011
207205196,88,3,Math Predictive,1,2011
207356320,85,3,Math Predictive,1,2011
205907991,79,3,Math Predictive,1,2011
209636786,82,3,Math Predictive,1,2011
208495127,94,3,Math Predictive,1,2011
232157230,,3,Math Predictive,1,2011
205585672,64,3,Math Predictive,1,2011
206079097,85,3,Math Predictive,1,2011
205336977,58,3,Math Predictive,1,2011
205902422,82,3,Math Predictive,1,2011
205585680,97,3,Math Predictive,1,2011
205566656,70,3,Math Predictive,1,2011
206047185,70,3,Math Predictive,1,2011
208542514,64,3,Math Predictive,1,2011
205801160,67,3,Math Predictive,1,2011
207757402,88,3,Math Predictive,1,2011
207249673,79,3,Math Predictive,1,2011
206451247,85,3,Math Predictive,1,2011
208542688,79,3,Math Predictive,1,2011
207176116,85,3,Math Predictive,1,2011
205801202,85,3,Math Predictive,1,2011
206007965,85,3,Math Predictive,1,2011
214574535,88,3,Math Predictive,1,2011
205254253,61,3,Math Predictive,1,2011
205560873,91,3,Math Predictive,1,2011
205585706,85,3,Math Predictive,1,2011
205933237,88,3,Math Predictive,1,2011
207027483,79,3,Math Predictive,1,2011
208119750,79,3,Math Predictive,1,2011
208270918,70,3,Math Predictive,1,2011
208872796,91,3,Math Predictive,1,2011
204853261,73,3,Math Predictive,1,2011
207027475,91,3,Math Predictive,1,2011
207469941,58,3,Math Predictive,1,2011
205801699,85,3,Math Predictive,1,2011
205585714,73,3,Math Predictive,1,2011
205933583,79,3,Math Predictive,1,2011
226589810,85,3,Math Predictive,1,2011
207176124,91,3,Math Predictive,1,2011
206007924,82,3,Math Predictive,1,2011
205454259,88,3,Math Predictive,1,2011
207317348,82,3,Math Predictive,1,2011
205950470,70,3,Math Predictive,1,2011
207176322,82,3,Math Predictive,1,2011
206707952,73,3,Math Predictive,1,2011
205475635,79,3,Math Predictive,1,2011
205945025,85,3,Math Predictive,1,2011
206616211,91,3,Math Predictive,1,2011
204878458,61,3,Math Predictive,1,2011
207676529,76,3,Math Predictive,1,2011
205439136,97,3,Math Predictive,1,2011
204365233,88,3,Math Predictive,1,2011
205496540,94,3,Math Predictive,1,2011
206482788,88,3,Math Predictive,1,2011
205585730,76,3,Math Predictive,1,2011
205801392,91,3,Math Predictive,1,2011
205951023,88,3,Math Predictive,1,2011
207910407,82,3,Math Predictive,1,2011
206078362,88,3,Math Predictive,1,2011
205783046,85,3,Math Predictive,1,2011
205783020,79,3,Math Predictive,1,2011
205585573,79,3,Math Predictive,1,2011
205392228,91,3,Math Predictive,1,2011
206047573,91,3,Math Predictive,1,2011
207250234,82,3,Math Predictive,1,2011
207325432,82,3,Math Predictive,1,2011
206877672,88,3,Math Predictive,1,2011
206584559,64,3,Math Predictive,1,2011
205497944,91,3,Math Predictive,1,2011
206616658,82,3,Math Predictive,1,2011
207176348,79,3,Math Predictive,1,2011
205830169,85,3,Math Predictive,1,2011
207688029,73,3,Math Predictive,1,2011
204782981,85,3,Math Predictive,1,2011
205585755,85,3,Math Predictive,1,2011
205494933,82,3,Math Predictive,1,2011
215284829,88,3,Math Predictive,1,2011
205998636,85,3,Math Predictive,1,2011
206007353,100,3,Math Predictive,1,2011
205357528,76,3,Math Predictive,1,2011
206605008,85,3,Math Predictive,1,2011
207129552,91,3,Math Predictive,1,2011
219974953,82,3,Math Predictive,1,2011
205585763,79,3,Math Predictive,1,2011
206078925,88,3,Math Predictive,1,2011
206047649,94,3,Math Predictive,1,2011
205553829,,3,Math Predictive,1,2011
205902745,76,3,Math Predictive,1,2011
226464618,88,3,Math Predictive,1,2011
204156715,82,3,Math Predictive,1,2011
205831092,61,3,Math Predictive,1,2011
205801749,88,3,Math Predictive,1,2011
206007940,91,3,Math Predictive,1,2011
205211246,94,3,Math Predictive,1,2011
205801731,85,3,Math Predictive,1,2011
205902802,79,3,Math Predictive,1,2011
207356189,61,3,Math Predictive,1,2011
207577321,88,3,Math Predictive,1,2011
226588739,82,3,Math Predictive,1,2011
207027301,91,3,Math Predictive,1,2011
207975566,61,3,Math Predictive,1,2011
206584500,82,3,Math Predictive,1,2011
208191577,73,3,Math Predictive,1,2011
215314188,58,3,Math Predictive,1,2011
207676743,88,3,Math Predictive,1,2011
206186934,82,3,Math Predictive,1,2011
205933781,76,3,Math Predictive,1,2011
206374647,64,3,Math Predictive,1,2011
205902976,91,3,Math Predictive,1,2011
205439243,76,3,Math Predictive,1,2011
206605115,88,3,Math Predictive,1,2011
205527765,67,3,Math Predictive,1,2011
207676552,88,3,Math Predictive,1,2011
205782873,79,3,Math Predictive,1,2011
207406885,85,3,Math Predictive,1,2011
205432735,91,3,Math Predictive,1,2011
226587863,88,3,Math Predictive,1,2011
215388158,88,3,Math Predictive,1,2011
206012874,85,3,Math Predictive,1,2011
207356163,88,3,Math Predictive,1,2011
207865247,73,3,Math Predictive,1,2011
205523509,97,3,Math Predictive,1,2011
208121061,73,3,Math Predictive,1,2011
207169939,82,3,Math Predictive,1,2011
205782899,79,3,Math Predictive,1,2011
205950611,91,3,Math Predictive,1,2011
207175985,85,3,Math Predictive,1,2011
207250119,79,3,Math Predictive,1,2011
204151963,85,3,Math Predictive,1,2011
206019101,88,3,Math Predictive,1,2011
205022981,72,3,Math Predictive,1,2011
206100083,85,3,Math Predictive,1,2011
209610518,85,3,Math Predictive,1,2011
205999139,88,3,Math Predictive,1,2011
205999113,88,3,Math Predictive,1,2011
205801350,94,3,Math Predictive,1,2011
207129511,70,3,Math Predictive,1,2011
207587585,94,3,Math Predictive,1,2011
205933955,79,3,Math Predictive,1,2011
206083206,67,3,Math Predictive,1,2011
205933617,91,3,Math Predictive,1,2011
208931436,91,3,Math Predictive,1,2011
205801764,64,3,Math Predictive,1,2011
205801772,88,3,Math Predictive,1,2011
205454564,79,3,Math Predictive,1,2011
205585789,73,3,Math Predictive,1,2011
209181551,70,3,Math Predictive,1,2011
205801301,79,3,Math Predictive,1,2011
205782238,73,3,Math Predictive,1,2011
205585805,76,3,Math Predictive,1,2011
207212622,73,3,Math Predictive,1,2011
207802505,88,3,Math Predictive,1,2011
207355868,73,3,Math Predictive,1,2011
205830730,88,3,Math Predictive,1,2011
206078172,79,3,Math Predictive,1,2011
214611071,91,3,Math Predictive,1,2011
206649469,79,3,Math Predictive,1,2011
207276205,94,3,Math Predictive,1,2011
207175928,91,3,Math Predictive,1,2011
205801798,82,3,Math Predictive,1,2011
207276437,82,3,Math Predictive,1,2011
207129313,88,3,Math Predictive,1,2011
206626574,79,3,Math Predictive,1,2011
207176330,94,3,Math Predictive,1,2011
208120345,94,3,Math Predictive,1,2011
206752313,88,3,Math Predictive,1,2011
206720054,82,3,Math Predictive,1,2011
207356395,70,3,Math Predictive,1,2011
207201054,79,3,Math Predictive,1,2011
204471940,88,3,Math Predictive,1,2011
205950892,88,3,Math Predictive,1,2011
205944788,91,3,Math Predictive,1,2011
206541971,91,3,Math Predictive,1,2011
206765901,73,3,Math Predictive,1,2011
206483307,67,3,Math Predictive,1,2011
206483570,73,3,Math Predictive,1,2011
206795965,85,3,Math Predictive,1,2011
205933690,88,3,Math Predictive,1,2011
207756693,93,3,Math Predictive,1,2011
215324674,80,3,Math Predictive,1,2011
208313924,,3,Math Predictive,1,2011
208313619,83,3,Math Predictive,1,2011
209181650,59,3,Math Predictive,1,2011
207428384,98,3,Math Predictive,1,2011
208716134,85,3,Math Predictive,1,2011
207909169,90,3,Math Predictive,1,2011
208790725,,3,Math Predictive,1,2011
208120527,80,3,Math Predictive,1,2011
205632482,98,3,Math Predictive,1,2011
206484495,85,3,Math Predictive,1,2011
208187401,98,3,Math Predictive,1,2011
208932939,93,3,Math Predictive,1,2011
208694349,,3,Math Predictive,1,2011
207744327,,3,Math Predictive,1,2011
205982804,90,3,Math Predictive,1,2011
208249698,,3,Math Predictive,1,2011
207169962,85,3,Math Predictive,1,2011
208968206,83,3,Math Predictive,1,2011
207275645,83,3,Math Predictive,1,2011
219794922,88,3,Math Predictive,1,2011
207389784,90,3,Math Predictive,1,2011
207708793,,3,Math Predictive,1,2011
207648254,83,3,Math Predictive,1,2011
207235425,88,3,Math Predictive,1,2011
205977762,93,3,Math Predictive,1,2011
207648361,80,3,Math Predictive,1,2011
208338228,78,3,Math Predictive,1,2011
207481102,85,3,Math Predictive,1,2011
208819698,85,3,Math Predictive,1,2011
208644062,98,3,Math Predictive,1,2011
207779646,88,3,Math Predictive,1,2011
231263948,,3,Math Predictive,1,2011
208643486,78,3,Math Predictive,1,2011
207481136,95,3,Math Predictive,1,2011
207909607,85,3,Math Predictive,1,2011
208420745,,3,Math Predictive,1,2011
207085895,83,3,Math Predictive,1,2011
205982861,54,3,Math Predictive,1,2011
207389974,88,3,Math Predictive,1,2011
208643932,95,3,Math Predictive,1,2011
208314401,88,3,Math Predictive,1,2011
207123951,88,3,Math Predictive,1,2011
207424821,76,3,Math Predictive,1,2011
207978800,83,3,Math Predictive,1,2011
208819847,83,3,Math Predictive,1,2011
207909060,83,3,Math Predictive,1,2011
207234931,93,3,Math Predictive,1,2011
208270595,93,3,Math Predictive,1,2011
207647751,100,3,Math Predictive,1,2011
207123977,93,3,Math Predictive,1,2011
207234980,80,3,Math Predictive,1,2011
209181932,90,3,Math Predictive,1,2011
214575433,90,3,Math Predictive,1,2011
207234741,95,3,Math Predictive,1,2011
231267329,,3,Math Predictive,1,2011
208694521,,3,Math Predictive,1,2011
209459437,90,3,Math Predictive,1,2011
207124371,85,3,Math Predictive,1,2011
208556837,68,3,Math Predictive,1,2011
208211912,93,3,Math Predictive,1,2011
207185398,90,3,Math Predictive,1,2011
208313668,90,3,Math Predictive,1,2011
207648270,85,3,Math Predictive,1,2011
207389792,71,3,Math Predictive,1,2011
205629553,,3,Math Predictive,1,2011
203921846,85,3,Math Predictive,1,2011
207234956,85,3,Math Predictive,1,2011
207166661,66,3,Math Predictive,1,2011
207166695,95,3,Math Predictive,1,2011
209305937,78,3,Math Predictive,1,2011
207648296,76,3,Math Predictive,1,2011
207481342,88,3,Math Predictive,1,2011
205857113,80,3,Math Predictive,1,2011
207909540,95,3,Math Predictive,1,2011
208249201,80,3,Math Predictive,1,2011
207389818,88,3,Math Predictive,1,2011
207356080,95,3,Math Predictive,1,2011
207317389,90,3,Math Predictive,1,2011
206584088,93,3,Math Predictive,1,2011
207481359,76,3,Math Predictive,1,2011
207481367,85,3,Math Predictive,1,2011
208388686,85,3,Math Predictive,1,2011
208154658,,3,Math Predictive,1,2011
207176579,,3,Math Predictive,1,2011
207009416,98,3,Math Predictive,1,2011
231264003,,3,Math Predictive,1,2011
207239807,76,3,Math Predictive,1,2011
218186724,66,3,Math Predictive,1,2011
207510116,68,3,Math Predictive,1,2011
206483950,80,3,Math Predictive,1,2011
207406422,93,3,Math Predictive,1,2011
207167339,83,3,Math Predictive,1,2011
205732746,,3,Math Predictive,1,2011
231737511,,3,Math Predictive,1,2011
207524463,98,3,Math Predictive,1,2011
208674762,90,3,Math Predictive,1,2011
207425273,80,3,Math Predictive,1,2011
204226211,,3,Math Predictive,1,2011
207004243,85,3,Math Predictive,1,2011
206626996,93,3,Math Predictive,1,2011
207967787,83,3,Math Predictive,1,2011
208780171,95,3,Math Predictive,1,2011
214823742,,3,Math Predictive,1,2011
207658147,,3,Math Predictive,1,2011
207481177,63,3,Math Predictive,1,2011
204218564,83,3,Math Predictive,1,2011
207726852,,3,Math Predictive,1,2011
208865444,,3,Math Predictive,1,2011
206484230,88,3,Math Predictive,1,2011
207191495,80,3,Math Predictive,1,2011
206929382,71,3,Math Predictive,1,2011
208350306,88,3,Math Predictive,1,2011
208270496,,3,Math Predictive,1,2011
209330711,90,3,Math Predictive,1,2011
220088884,,3,Math Predictive,1,2011
206484065,90,3,Math Predictive,1,2011
207756875,85,3,Math Predictive,1,2011
223091208,93,3,Math Predictive,1,2011
207744145,,3,Math Predictive,1,2011
214478414,78,3,Math Predictive,1,2011
206652737,,3,Math Predictive,1,2011
208313569,,3,Math Predictive,1,2011
208715664,98,3,Math Predictive,1,2011
226919520,76,3,Math Predictive,1,2011
207454232,98,3,Math Predictive,1,2011
207978115,80,3,Math Predictive,1,2011
207662966,76,3,Math Predictive,1,2011
207004433,83,3,Math Predictive,1,2011
231263930,,3,Math Predictive,1,2011
208349829,80,3,Math Predictive,1,2011
207909763,73,3,Math Predictive,1,2011
208780189,78,3,Math Predictive,1,2011
207474578,93,3,Math Predictive,1,2011
208349837,78,3,Math Predictive,1,2011
208849042,,3,Math Predictive,1,2011
207389859,88,3,Math Predictive,1,2011
207445669,76,3,Math Predictive,1,2011
208350199,79,3,Math Predictive,1,2011
208955682,90,3,Math Predictive,1,2011
205977580,100,3,Math Predictive,1,2011
207389875,80,3,Math Predictive,1,2011
208232173,93,3,Math Predictive,1,2011
208872267,85,3,Math Predictive,1,2011
207653635,80,3,Math Predictive,1,2011
207728189,85,3,Math Predictive,1,2011
207909292,78,3,Math Predictive,1,2011
216177493,93,3,Math Predictive,1,2011
205969314,,3,Math Predictive,1,2011
208249706,78,3,Math Predictive,1,2011
205860919,93,3,Math Predictive,1,2011
206794158,90,3,Math Predictive,1,2011
209611060,68,3,Math Predictive,1,2011
208186627,88,3,Math Predictive,1,2011
207648411,95,3,Math Predictive,1,2011
209638063,80,3,Math Predictive,1,2011
207688052,88,3,Math Predictive,1,2011
207978420,85,3,Math Predictive,1,2011
208736728,95,3,Math Predictive,1,2011
231269176,,3,Math Predictive,1,2011
209013523,85,3,Math Predictive,1,2011
207657941,93,3,Math Predictive,1,2011
205453913,,3,Math Predictive,1,2011
209420470,83,3,Math Predictive,1,2011
207499039,90,3,Math Predictive,1,2011
208982546,,3,Math Predictive,1,2011
219974755,80,3,Math Predictive,1,2011
207424672,,3,Math Predictive,1,2011
207658204,78,3,Math Predictive,1,2011
207979352,90,3,Math Predictive,1,2011
206652919,90,3,Math Predictive,1,2011
207687849,90,3,Math Predictive,1,2011
207176314,68,3,Math Predictive,1,2011
208313791,93,3,Math Predictive,1,2011
207816588,83,3,Math Predictive,1,2011
213632367,83,3,Math Predictive,1,2011
206676801,95,3,Math Predictive,1,2011
205402845,90,3,Math Predictive,1,2011
215313834,78,3,Math Predictive,1,2011
207669995,93,3,Math Predictive,1,2011
207356437,90,3,Math Predictive,1,2011
208819904,95,3,Math Predictive,1,2011
207528464,90,3,Math Predictive,1,2011
215034117,,3,Math Predictive,1,2011
207709239,,3,Math Predictive,1,2011
207662115,78,3,Math Predictive,1,2011
208338368,93,3,Math Predictive,1,2011
214162067,85,3,Math Predictive,1,2011
207524927,90,3,Math Predictive,1,2011
207525007,88,3,Math Predictive,1,2011
207176546,,3,Math Predictive,1,2011
208715508,90,3,Math Predictive,1,2011
208350058,85,3,Math Predictive,1,2011
207688037,83,3,Math Predictive,1,2011
208968008,,3,Math Predictive,1,2011
207909284,73,3,Math Predictive,1,2011
207648221,83,3,Math Predictive,1,2011
207235433,68,3,Math Predictive,1,2011
207481441,68,3,Math Predictive,1,2011
208452482,85,3,Math Predictive,1,2011
207657479,85,3,Math Predictive,1,2011
206853228,68,3,Math Predictive,1,2011
207648429,80,3,Math Predictive,1,2011
209970839,85,3,Math Predictive,1,2011
207424896,88,3,Math Predictive,1,2011
209091107,95,3,Math Predictive,1,2011
207909227,88,3,Math Predictive,1,2011
209351535,90,3,Math Predictive,1,2011
207908880,73,3,Math Predictive,1,2011
207239781,90,3,Math Predictive,1,2011
207524745,88,3,Math Predictive,1,2011
209090844,90,3,Math Predictive,1,2011
220465801,83,3,Math Predictive,1,2011
207389933,88,3,Math Predictive,1,2011
208674929,90,3,Math Predictive,1,2011
207250374,85,3,Math Predictive,1,2011
208338087,,3,Math Predictive,1,2011
207687880,68,3,Math Predictive,1,2011
208642116,88,3,Math Predictive,1,2011
208753467,83,3,Math Predictive,1,2011
208694687,,3,Math Predictive,1,2011
208364331,90,3,Math Predictive,1,2011
216184341,95,3,Math Predictive,1,2011
207481466,95,3,Math Predictive,1,2011
207389941,100,3,Math Predictive,1,2011
208694703,,3,Math Predictive,1,2011
207487018,85,3,Math Predictive,1,2011
207936675,93,3,Math Predictive,1,2011
207235334,95,3,Math Predictive,1,2011
207235185,90,3,Math Predictive,1,2011
207364373,93,3,Math Predictive,1,2011
207648437,98,3,Math Predictive,1,2011
208410530,,3,Math Predictive,1,2011
221195837,83,3,Math Predictive,1,2011
209482454,90,3,Math Predictive,1,2011
207424805,83,3,Math Predictive,1,2011
208715904,98,3,Math Predictive,1,2011
207766171,76,3,Math Predictive,1,2011
207453341,95,3,Math Predictive,1,2011
208819920,88,3,Math Predictive,1,2011
208349753,93,3,Math Predictive,1,2011
214904179,98,3,Math Predictive,1,2011
207743485,93,3,Math Predictive,1,2011
207803214,90,3,Math Predictive,1,2011
206782328,80,3,Math Predictive,1,2011
206815797,95,3,Math Predictive,1,2011
207676834,,3,Math Predictive,1,2011
206929366,90,3,Math Predictive,1,2011
205865462,78,3,Math Predictive,1,2011
208820100,85,3,Math Predictive,1,2011
205637242,85,3,Math Predictive,1,2011
208594440,98,3,Math Predictive,1,2011
207248311,,3,Math Predictive,1,2011
207389958,76,3,Math Predictive,1,2011
265345421,,3,Math Predictive,1,2011
267896256,,3,Math Predictive,1,2011
268221801,,3,Math Predictive,1,2011
267765626,,3,Math Predictive,1,2011
274979954,,3,Math Predictive,1,2011
270266620,,3,Math Predictive,1,2011
267726693,,3,Math Predictive,1,2011
267527786,,3,Math Predictive,1,2011
265968214,,3,Math Predictive,1,2011
267931533,,3,Math Predictive,1,2011
268360617,,3,Math Predictive,1,2011
232937474,,3,Math Predictive,1,2011
268360641,,3,Math Predictive,1,2011
268561602,,3,Math Predictive,1,2011
267905347,,3,Math Predictive,1,2011
268410016,,3,Math Predictive,1,2011
268349016,,3,Math Predictive,1,2011
268410057,,3,Math Predictive,1,2011
268221587,,3,Math Predictive,1,2011
267747475,,3,Math Predictive,1,2011
271111817,,3,Math Predictive,1,2011
267812675,,3,Math Predictive,1,2011
268410255,,3,Math Predictive,1,2011
268487485,,3,Math Predictive,1,2011
270811730,,3,Math Predictive,1,2011
269456521,,3,Math Predictive,1,2011
267896066,,3,Math Predictive,1,2011
265855064,,3,Math Predictive,1,2011
269274551,,3,Math Predictive,1,2011
267852507,,3,Math Predictive,1,2011
209090349,,3,Math Predictive,1,2011
269433033,,3,Math Predictive,1,2011
271023764,,3,Math Predictive,1,2011
270976129,,3,Math Predictive,1,2011
267721355,,3,Math Predictive,1,2011
265881037,,3,Math Predictive,1,2011
268965696,,3,Math Predictive,1,2011
268375045,,3,Math Predictive,1,2011
268542750,,3,Math Predictive,1,2011
265794172,,3,Math Predictive,1,2011
268652856,,3,Math Predictive,1,2011
203056395,,3,Math Predictive,1,2011
268453750,,3,Math Predictive,1,2011
267896124,,3,Math Predictive,1,2011
268165396,,3,Math Predictive,1,2011
267896132,,3,Math Predictive,1,2011
267726628,,3,Math Predictive,1,2011
265356147,,3,Math Predictive,1,2011
209269398,,3,Math Predictive,1,2011
267694313,,3,Math Predictive,1,2011
267726669,,3,Math Predictive,1,2011
268466083,,3,Math Predictive,1,2011
268465945,,3,Math Predictive,1,2011
269386066,,3,Math Predictive,1,2011
268454386,,3,Math Predictive,1,2011
268411121,,3,Math Predictive,1,2011
214825341,,3,Math Predictive,1,2011
268420825,,3,Math Predictive,1,2011
268250792,,3,Math Predictive,1,2011
268165487,,3,Math Predictive,1,2011
268208808,,3,Math Predictive,1,2011
268070919,,3,Math Predictive,1,2011
268411444,,3,Math Predictive,1,2011
200855559,,3,Math Predictive,1,2011
268423241,,3,Math Predictive,1,2011
204617054,,3,Math Predictive,1,2011
268477833,,3,Math Predictive,1,2011
264168840,,3,Math Predictive,1,2011
264658402,,3,Math Predictive,1,2011
268599479,,3,Math Predictive,1,2011
267905289,,3,Math Predictive,1,2011
268715190,,3,Math Predictive,1,2011
268544699,,3,Math Predictive,1,2011
214504144,,3,Math Predictive,1,2011
267859510,,3,Math Predictive,1,2011
217224872,,3,Math Predictive,1,2011
268221769,,3,Math Predictive,1,2011
268532645,,3,Math Predictive,1,2011
267968865,,3,Math Predictive,1,2011
268165214,,3,Math Predictive,1,2011
268478500,,3,Math Predictive,1,2011
268478518,,3,Math Predictive,1,2011
267746873,,3,Math Predictive,1,2011
268478534,,3,Math Predictive,1,2011
267528222,,3,Math Predictive,1,2011
268504784,,3,Math Predictive,1,2011
268966249,,3,Math Predictive,1,2011
268505112,,3,Math Predictive,1,2011
269795977,,3,Math Predictive,1,2011
269385670,,3,Math Predictive,1,2011
269308557,,3,Math Predictive,1,2011
270644438,,3,Math Predictive,1,2011
268717816,,3,Math Predictive,1,2011
269943973,,3,Math Predictive,1,2011
268545043,,3,Math Predictive,1,2011
208155150,,3,Math Predictive,1,2011
265020529,,3,Math Predictive,1,2011
274909498,,3,Math Predictive,1,2011
275149185,,3,Math Predictive,1,2011
269144606,,3,Math Predictive,1,2011
269565735,,3,Math Predictive,1,2011
274379999,,3,Math Predictive,1,2011
269455630,,3,Math Predictive,1,2011
269890547,,3,Math Predictive,1,2011
267870558,,3,Math Predictive,1,2011
270317621,,3,Math Predictive,1,2011
268595790,,3,Math Predictive,1,2011
268599362,,3,Math Predictive,1,2011
268717725,,3,Math Predictive,1,2011
268695475,,3,Math Predictive,1,2011
269590113,,3,Math Predictive,1,2011
274742451,,3,Math Predictive,1,2011
269385605,,3,Math Predictive,1,2011
203350491,,3,Math Predictive,1,2011
214532715,,3,Math Predictive,1,2011
268195153,,3,Math Predictive,1,2011
214811549,,3,Math Predictive,1,2011
270141104,,3,Math Predictive,1,2011
271151458,,3,Math Predictive,1,2011
268717758,,3,Math Predictive,1,2011
270774763,,3,Math Predictive,1,2011
268410578,,3,Math Predictive,1,2011
206453656,,3,Math Predictive,1,2011
268194610,,3,Math Predictive,1,2011
269628434,,3,Math Predictive,1,2011
216183855,,3,Math Predictive,1,2011
268701042,,3,Math Predictive,1,2011
275057008,,3,Math Predictive,1,2011
269468419,,3,Math Predictive,1,2011
268491842,,3,Math Predictive,1,2011
209638865,,3,Math Predictive,1,2011
270211691,,3,Math Predictive,1,2011
269648416,,3,Math Predictive,1,2011
208961847,,3,Math Predictive,1,2011
268198892,,3,Math Predictive,1,2011
270263585,,3,Math Predictive,1,2011
203590799,,3,Math Predictive,1,2011
274510635,,3,Math Predictive,1,2011
269066742,,3,Math Predictive,1,2011
265860601,,3,Math Predictive,1,2011
269456471,,3,Math Predictive,1,2011
270399819,,3,Math Predictive,1,2011
270441363,,3,Math Predictive,1,2011
270400518,,3,Math Predictive,1,2011
269334595,,3,Math Predictive,1,2011
220057632,,3,Math Predictive,1,2011
269628160,,3,Math Predictive,1,2011
268635455,,3,Math Predictive,1,2011
207819939,,3,Math Predictive,1,2011
269335014,,3,Math Predictive,1,2011
269589644,,3,Math Predictive,1,2011
268451564,,3,Math Predictive,1,2011
269468484,,3,Math Predictive,1,2011
208422691,,3,Math Predictive,1,2011
269456489,,3,Math Predictive,1,2011
270371016,,3,Math Predictive,1,2011
270227697,,3,Math Predictive,1,2011
270370885,,3,Math Predictive,1,2011
212591242,,3,Math Predictive,1,2011
203553664,,3,Math Predictive,1,2011
269555363,,3,Math Predictive,1,2011
270875636,,3,Math Predictive,1,2011
271192833,,3,Math Predictive,1,2011
270266414,,3,Math Predictive,1,2011
270317415,,3,Math Predictive,1,2011
270430176,,3,Math Predictive,1,2011
274441492,,3,Math Predictive,1,2011
270345341,,3,Math Predictive,1,2011
270198302,,3,Math Predictive,1,2011
269435103,,3,Math Predictive,1,2011
270441389,,3,Math Predictive,1,2011
270101827,,3,Math Predictive,1,2011
269468443,,3,Math Predictive,1,2011
274544162,,3,Math Predictive,1,2011
204253355,,3,Math Predictive,1,2011
270441116,,3,Math Predictive,1,2011
270889504,,3,Math Predictive,1,2011
216183889,,3,Math Predictive,1,2011
270556046,,3,Math Predictive,1,2011
270441066,,3,Math Predictive,1,2011
270207665,,3,Math Predictive,1,2011
268695533,,3,Math Predictive,1,2011
269232674,,3,Math Predictive,1,2011
270266216,,3,Math Predictive,1,2011
209489699,,3,Math Predictive,1,2011
219534229,,3,Math Predictive,1,2011
269627741,,3,Math Predictive,1,2011
269140372,,3,Math Predictive,1,2011
202732673,,3,Math Predictive,1,2011
206233553,,3,Math Predictive,1,2011
274721463,,3,Math Predictive,1,2011
270027634,,3,Math Predictive,1,2011
274586874,,3,Math Predictive,1,2011
274741792,,3,Math Predictive,1,2011
204551402,,3,Math Predictive,1,2011
274786235,,3,Math Predictive,1,2011
200483501,,3,Math Predictive,1,2011
274188655,,3,Math Predictive,1,2011
202859302,,3,Math Predictive,1,2011
206202244,,3,Math Predictive,1,2011
200796324,,3,Math Predictive,1,2011
268602760,,3,Math Predictive,1,2011
207846601,,3,Math Predictive,1,2011
207846551,,3,Math Predictive,1,2011
270608573,,3,Math Predictive,1,2011
203166608,,3,Math Predictive,1,2011
275029726,,3,Math Predictive,1,2011
274304500,,3,Math Predictive,1,2011
271140758,,3,Math Predictive,1,2011
270521966,,3,Math Predictive,1,2011
206093221,,3,Math Predictive,1,2011
208154807,,3,Math Predictive,1,2011
270469109,,3,Math Predictive,1,2011
270493364,,3,Math Predictive,1,2011
274586718,,3,Math Predictive,1,2011
270581812,,3,Math Predictive,1,2011
270600463,,3,Math Predictive,1,2011
270167737,,3,Math Predictive,1,2011
270468895,,3,Math Predictive,1,2011
204419527,,3,Math Predictive,1,2011
270011554,,3,Math Predictive,1,2011
270492788,,3,Math Predictive,1,2011
274742238,,3,Math Predictive,1,2011
270424492,,3,Math Predictive,1,2011
270264724,,3,Math Predictive,1,2011
274326875,,3,Math Predictive,1,2011
224610485,,3,Math Predictive,1,2011
268535440,,3,Math Predictive,1,2011
270291263,,3,Math Predictive,1,2011
270430580,,3,Math Predictive,1,2011
274541598,,3,Math Predictive,1,2011
274587450,,3,Math Predictive,1,2011
202974622,,3,Math Predictive,1,2011
274322981,,3,Math Predictive,1,2011
270832868,,3,Math Predictive,1,2011
204269138,,3,Math Predictive,1,2011
274174150,,3,Math Predictive,1,2011
274225614,,3,Math Predictive,1,2011
206326712,,3,Math Predictive,1,2011
270119274,,3,Math Predictive,1,2011
204566152,,3,Math Predictive,1,2011
204531750,,3,Math Predictive,1,2011
269822524,,3,Math Predictive,1,2011
268510013,,3,Math Predictive,1,2011
274637271,,3,Math Predictive,1,2011
216183863,,3,Math Predictive,1,2011
270581770,,3,Math Predictive,1,2011
214574568,,3,Math Predictive,1,2011
216416909,,3,Math Predictive,1,2011
274688589,,3,Math Predictive,1,2011
270211733,,3,Math Predictive,1,2011
270492895,,3,Math Predictive,1,2011
206325854,,3,Math Predictive,1,2011
274174382,,3,Math Predictive,1,2011
274786151,,3,Math Predictive,1,2011
274814474,,3,Math Predictive,1,2011
270521990,,3,Math Predictive,1,2011
270469067,,3,Math Predictive,1,2011
274757939,,3,Math Predictive,1,2011
268278629,,3,Math Predictive,1,2011
270441645,,3,Math Predictive,1,2011
271199697,,3,Math Predictive,1,2011
271162133,,3,Math Predictive,1,2011
274684687,,3,Math Predictive,1,2011
270264906,,3,Math Predictive,1,2011
206093759,,3,Math Predictive,1,2011
274683713,,3,Math Predictive,1,2011
274771401,,3,Math Predictive,1,2011
274720804,,3,Math Predictive,1,2011
268324167,,3,Math Predictive,1,2011
275056976,,3,Math Predictive,1,2011
274786664,,3,Math Predictive,1,2011
270441520,,3,Math Predictive,1,2011
270930407,,3,Math Predictive,1,2011
274979780,,3,Math Predictive,1,2011
216183871,,3,Math Predictive,1,2011
271111114,,3,Math Predictive,1,2011
274587393,,3,Math Predictive,1,2011
209091156,,3,Math Predictive,1,2011
270370927,,3,Math Predictive,1,2011
271112609,,3,Math Predictive,1,2011
274174291,,3,Math Predictive,1,2011
270265721,,3,Math Predictive,1,2011
268380953,,3,Math Predictive,1,2011
274758432,,3,Math Predictive,1,2011
274843002,,3,Math Predictive,1,2011
269628202,,3,Math Predictive,1,2011
270493471,,3,Math Predictive,1,2011
270548654,,3,Math Predictive,1,2011
270265481,,3,Math Predictive,1,2011
274637628,,3,Math Predictive,1,2011
270556707,,3,Math Predictive,1,2011
202369021,,3,Math Predictive,1,2011
200776953,,3,Math Predictive,1,2011
216183897,,3,Math Predictive,1,2011
270469471,,3,Math Predictive,1,2011
270492846,,3,Math Predictive,1,2011
274174184,,3,Math Predictive,1,2011